url,scrape_time,source,title,definition_1,content,definition_2,keywords,content_html
https://www.finn.no/job/fulltime/ad.html?finnkode=335862773,2024-01-12 13:58:46,finn,Ønsker du en meningsfylt jobb på en koselig arbeidsplass? Positiv dame i 40-årene søker assistenter,"Arbeidsgiver
Mio BPA
Stillingstittel
Brukerstyrt Personlig Assistent
Frist
Snarest
Ansettelsesform
Vikariat","Heisann! Jeg er en sprudlende dame i 40-årene som nå søker etter nye assistenter til min BPA-ordning. Jeg bor i Ski sammen med min sønn, som nå går på barneskolen, og min søster. Som person er jeg veldig humoristisk, positiv, tålmodig og glad. Jeg er veldig glad i å bake, lage mat og høre på musikk. Eller elsker jeg å shoppe og komme meg ut på aktiviteter, så jeg håper du vil bli med meg på det. Jeg bruker rullator, så det er greit om du har en viss fysisk evne.
Som min assistent vil du ikke bare få muligheten til å jobbe på en koselig arbeidsplass tett sammen med meg, men også delta på mine favorittaktiviteter. Du vil bli en del av et team, hvor arbeidsoppgavene dine blant annet vil være å følge meg til fysioterapeut og lege, hjelpe meg å utføre øvelser i hjemmet, lage mat, enkel rengjøring og hjelpe meg med mine daglige gjøremål. 
Hvis du er en positiv, hjelpsom og selvstendig person, som ønsker å stå i stillingen over lengre tid, så vil du passe perfekt inn i mitt team. Jeg håper å høre fra deg!
Arbeidstid og stilling:
Jeg ser nå etter 1-2 fleksible tilkallingsvikarer til teamet mitt. Jeg ser etter deg som kan steppe inn på kort varsel, både ved fravær og ferier. Arbeidstiden er mellom 09.00 – 16.30. Mulighet for økt stilling på sikt. Gjerne spesifiser i søknaden hvor mye du ser for deg å jobbe.
Arbeidsoppgaver:
Følge til fysioterapeut og lege
Handle
Bistå med behandling i hjemmet
Lage mat
Enkel rengjøring
Hjelpe til meg daglige gjøremål
Kvalifikasjoner:
Gyldig politiattest
Førerkort klasse B er en fordel, men ikke et krav
Personlig egnethet og kjemi vektlegges
Fordel om du er fysisk sterk
Personlige egenskaper:
Positiv
Hjelpsom
Aktiv
Selvstendig
Fleksibel
Glad i å jobbe
Tålmodig
Vi tilbyr:
En meningsfylt jobb
Teoretisk og praktisk opplæring
Relevante kurs
Tett oppfølging og samarbeid med BPA koordinator
Erfaring fra helse – og omsorgssektoren
Aktuelle kandidater kontaktes for intervju fortløpende og jeg ansetter så fort jeg finner rett kandidat. ","Sektor
Privat
Antall stillinger
2
Sted
1400 Ski
Bransje
Helse og omsorg
Stillingsfunksjon
Helsepersonell / Helsefagarbeider/hjelpepleier,
Omsorg og sosialt arbeid,
Butikkansatt","Nøkkelord
bpa, mio, assistent, tilkallingsvikar, ski","<div class=""import-decoration"" style=""hyphens: none;"" data-controller=""scrollStartTracking"" data-ec-track=""scroll-mid-classified"" data-adobe-track=""navigation.scroll-mid-classified.scroll"">
        <section class=""panel"">
                <p>Heisann! Jeg er en sprudlende dame i 40-årene som nå søker etter nye assistenter til min BPA-ordning. Jeg bor i Ski sammen med min sønn, som nå går på barneskolen, og min søster. Som person er jeg veldig humoristisk, positiv, tålmodig og glad. Jeg er veldig glad i å bake, lage mat og høre på musikk. Eller elsker jeg å shoppe og komme meg ut på aktiviteter, så jeg håper du vil bli med meg på det. Jeg bruker rullator, så det er greit om du har en viss fysisk evne. </p><p>Som min assistent vil du ikke bare få muligheten til å jobbe på en koselig arbeidsplass tett sammen med meg, men også delta på mine favorittaktiviteter. Du vil bli en del av et team, hvor arbeidsoppgavene dine blant annet vil være å følge meg til fysioterapeut og lege, hjelpe meg å utføre øvelser i hjemmet, lage mat, enkel rengjøring og hjelpe meg med mine daglige gjøremål.&nbsp;</p><p>Hvis du er en positiv, hjelpsom og selvstendig person, som ønsker å stå i stillingen over lengre tid, så vil du passe perfekt inn i mitt team. Jeg håper å høre fra deg! </p><p><strong>Arbeidstid og stilling: </strong></p><p>Jeg ser nå etter 1-2 fleksible tilkallingsvikarer til teamet mitt. Jeg ser etter deg som kan steppe inn på kort varsel, både ved fravær og ferier. Arbeidstiden er mellom 09.00 – 16.30. Mulighet for økt stilling på sikt. Gjerne spesifiser i søknaden hvor mye du ser for deg å jobbe. </p><p><strong>Arbeidsoppgaver: </strong></p><ul><li>Følge til fysioterapeut og lege</li><li>Handle</li><li>Bistå med behandling i hjemmet</li><li>Lage mat</li><li>Enkel rengjøring</li><li>Hjelpe til meg daglige gjøremål</li></ul><p><strong>Kvalifikasjoner: </strong></p><ul><li>Gyldig politiattest</li><li>Førerkort klasse B er en fordel, men ikke et krav</li><li>Personlig egnethet og kjemi vektlegges</li><li>Fordel om du er fysisk sterk</li></ul><p><strong>Personlige egenskaper: </strong></p><ul><li>Positiv</li><li>Hjelpsom</li><li>Aktiv  </li><li>Selvstendig</li><li>Fleksibel</li><li>Glad i å jobbe</li><li>Tålmodig</li></ul><p><strong>Vi tilbyr: </strong></p><ul><li>En meningsfylt jobb</li><li>Teoretisk og praktisk opplæring</li><li>Relevante kurs</li><li>Tett oppfølging og samarbeid med BPA koordinator</li><li>Erfaring fra helse – og omsorgssektoren</li></ul><p>Aktuelle kandidater kontaktes for intervju fortløpende og jeg ansetter så fort jeg finner rett kandidat.&nbsp;<br><em><em></em></em><em><strong><br></strong></em><em><strong><br></strong></em><br></p></section>
        </div>"
https://www.finn.no/job/fulltime/ad.html?finnkode=335865509,2024-01-12 13:58:49,finn,Nå kan du sikre deg sommerjobb for 2024!,"Arbeidsgiver
Face2Face Creatives AS
Stillingstittel
Promotør
Frist
09.02.2024
Ansettelsesform
Sommer/Sesong","Gled deg til sommeren 2024 og ny jobb! Dette er en spennende mulighet for deg som ønsker å bruke sommerferien til å opparbeide deg relevant erfaring, tjene opp penger, eller bygge karriere innenfor kommunikasjon, markedsføring, ledelse og salg. For rett person kan det finnes muligheter for videre utvikling også etter sommeren!

Hvem er vi?
Face2face Creatives er et reklame- og kampanjebyrå med norske avdelinger i Oslo, Bergen og Stavanger, i tillegg til omreisende team på turné der vi reiser rundt i hele Norge. Som promotør vil du bli en del av et utadvendt og dynamisk team i et av Norges mest sosiale arbeidsmiljø, der vi vektlegger din personlige utvikling og hvordan du best kan bruke dine egenskaper og ferdigheter til å oppnå resultater. 

Som promotør i Face2face vil du fronte noen av landets mest kjente merkevarer og organisasjoner. Du kommer til å møte kunder i felt på utvalgte markedsplasser der kundene er – ansikt til ansikt – og hjelpe de med å forstå og ta gode valg. Her får du grundig teoretisk og praktisk opplæring i salg og Field Marketing, så dersom du ikke har mye salgserfaring vil vi oppfordre deg til å søke da dine personlige egenskaper og motivasjon blir vektlagt. I Face2face jobber vi aktivt med karriereutvikling der du har mulighet til å utvikle deg videre innen salg og ledelse etter sommeren. 

Hva kan vi tilby deg?
Fokus på din personlige utvikling
Mulighet for lederutvikling gjennom F2F Campus - Bli leder!
En trygg arbeidsplass med 25 års erfaring i bransjen
Konkurransedyktig lønnsmodell med garantilønn og provisjoner
Utadvendt og inkluderende arbeidsmiljø
Konkurranser, sosiale aktiviteter, sommerfester og mye morro!

Hvem er du?
Lærevillig, engasjert og positivt innstilt
Utadvendt av natur (eller ønsker å bli det)
Flink med personlige relasjoner
Målrettet og selvmotivert
Tilpasningsdyktig og glad i å lykkes
På jakt etter faglig og personlig utvikling
Tilgejngelig i 5 uker eller mer, i sommer
 ","Sektor
Privat
Antall stillinger
4
Sted
7021 Trondheim
Bransje
Markedsføring og annonsering,
PR, informasjon og kommunikasjon,
Annet
Stillingsfunksjon
Ledelse,
Markedsfører,
Salg
Arbeidsspråk
Norsk","Nøkkelord
salg, ledelse, kommunikasjon, markedsføring, sommer","<div class=""import-decoration"" style=""hyphens: none;"" data-controller=""scrollStartTracking"" data-ec-track=""scroll-mid-classified"" data-adobe-track=""navigation.scroll-mid-classified.scroll"">
        <section class=""panel"">
                <p><strong>Gled deg til sommeren 2024 og ny jobb! Dette er en spennende mulighet for deg som ønsker å bruke sommerferien til å opparbeide deg relevant erfaring, tjene opp penger, eller bygge karriere innenfor kommunikasjon, markedsføring, ledelse og salg. For rett person kan det finnes muligheter for videre utvikling også etter sommeren!</strong><br><br><strong>Hvem er vi?<br></strong>Face2face Creatives er et reklame- og kampanjebyrå med norske avdelinger i Oslo, Bergen og Stavanger, i tillegg til omreisende team på turné der vi reiser rundt i hele Norge. Som promotør vil du bli en del av et utadvendt og dynamisk team i et av Norges mest sosiale arbeidsmiljø, der vi vektlegger din personlige utvikling og hvordan du best kan bruke dine egenskaper og ferdigheter til å oppnå resultater.&nbsp;<br><br>Som promotør i Face2face vil du fronte noen av landets mest kjente merkevarer og organisasjoner. Du kommer til å møte kunder i felt på utvalgte markedsplasser der kundene er – ansikt til ansikt – og hjelpe de med å forstå og ta gode valg. Her får du grundig teoretisk og praktisk opplæring i salg og Field Marketing, så dersom du ikke har mye salgserfaring vil vi oppfordre deg til å søke da dine personlige egenskaper og motivasjon blir vektlagt. I Face2face jobber vi aktivt med karriereutvikling der du har mulighet til å utvikle deg videre innen salg og ledelse etter sommeren.&nbsp;</p><p><br><strong>Hva kan vi tilby deg?</strong></p><ul><li>Fokus på din personlige utvikling</li><li>Mulighet for lederutvikling gjennom F2F Campus - Bli leder!</li><li>En trygg arbeidsplass med 25 års erfaring i bransjen</li><li>Konkurransedyktig lønnsmodell med garantilønn og provisjoner</li><li>Utadvendt og inkluderende arbeidsmiljø</li><li>Konkurranser, sosiale aktiviteter, sommerfester og mye morro!</li></ul><p><br><strong>Hvem er du?</strong></p><ul><li>Lærevillig, engasjert og positivt innstilt</li><li>Utadvendt av natur (eller ønsker å bli det)</li><li>Flink med personlige relasjoner</li><li>Målrettet og selvmotivert</li><li>Tilpasningsdyktig og glad i å lykkes</li><li>På jakt etter faglig og personlig utvikling</li><li>Tilgejngelig i 5 uker eller mer, i sommer</li></ul><p>&nbsp;<br><strong></strong></p></section>
        </div>"
https://www.finn.no/job/fulltime/ad.html?finnkode=335862503,2024-01-12 13:58:52,finn,IKT-ansvarlig ved brukerstøtte Sandvika VGS,"Arbeidsgiver
FRID IKS
Stillingstittel
Arbeidsleder
Frist
28.01.2024
Ansettelsesform
Fast","FRID IKS er et nyopprettet selskap, men med lang erfaring innen leveranser av IKT og digitaliseringstjenester. Vi har blant annet ansvaret for å levere og støtte alle IKT-oppgavene på de videregående skolene i fylkeskommunene Akershus, Buskerud og Østfold, og vi ser nå etter en ny IKT-ansvarlig for brukerstøtte ved Sandvika VGS. Dette innebærer blant annet supporttjenester for elevene og de ansatte ved skolen, samarbeid med øvrig IKT-enhet og servicesenter, samt oppfølging av våre IKT-lærlinger. Vi ser derfor etter deg som evner å sette deg inn i brukeres behov og trives med å arbeide med problemløsning.

Stillingen inngår i seksjonen for brukerstøtte, sone Bærum i Akershus. Brukerstøtte er delt inn i 10 soner, hvorav det i sone Bærum er 17 ansatte. Sonen supporterer alle virksomheter i Akershus fylkeskommune i Bærumsområdet. Det omfatter virksomhetene Dønski VGS, Nadderud VGS, Rosenvilde VGS, Sandvika VGS, Rud VGS og Stabekk VGS og Akershus tannklinikker i Bærum kommune.

Ditt primære arbeidssted vil være Sandvika Videregående Skole. Arbeidsoppgaver kan måtte utføres ved andre skoler og virksomheter. Stillingen rapporterer til nærmeste teamleder i brukerstøtte.

For mer informasjon om FRID IKS, se www.frid-iks.no eller ta kontakt med Morten Andersen, teamleder for brukerstøtte sone Bærum.

Arbeidsoppgaver
Levere gode supporttjenester for ansatte og elever.
Bistå med lokale innkjøp.
Brukerstøtte på PC, AV-utstyr, multifunksjonsskrivere, nettverk og fagsystemer på skole.
Brukerstøtte under prøver, eksamener og skolestart/skoleslutt.
Bistå med rutiner/retningslinjer/instrukser/brukerdokumentasjon, FAQ.
Delta i prosjekter.
Samarbeide med øvrig IKT-enhet og Servicesenter.
Oppfølging av IKT-lærlinger som instruktør.
Kvalifikasjoner
Fagbrev fra IKT service eller annen relevant erfaring/utdannelse.
Erfaring fra kundeservice.
Kjennskap med service management verktøy.
Førerkort klasse B.
Kjennskap til ITIL.
God muntlig og skriftlig fremstillingsevne på norsk og engelsk.
Personlige egenskaper
Serviceinnstilt og positiv.
Gode evner til å samarbeide, kommunisere og forstå brukernes behov.
Har en strukturert, systematisk og selvstendig tilnærming til arbeidet.
Forenkle hverdagen for brukere av våre tjenester.
Tar ansvar og følger opp saker til beste for brukerne.
Bidrar verdifullt og aktivt til å bygge en organisasjon i endring.
Vi tilbyr
Et fremoverlent teknisk arbeidsmiljø med mange dyktige medarbeidere.
Varierte og utfordrende oppgaver i et godt arbeidsmiljø.
Et fagmiljø som søker å ta i bruk og utnytte ny teknologi og funksjonalitet, og med det fremsnakker initiativ og nytenkning.
En arbeidshverdag som tilbyr fleksibilitet og ansvar innenfor eget ansvarsområde.
En arbeidsplass som tilrettelegger for faglig utvikling ved interne og eksterne kurs, i tillegg til kollegabasert kompetansedeling.
Mulighet til å være en aktiv deltager i å bygge og utvikle et av Norges største digitaliseringsmiljø i kommunal sektor.
Lønn etter avtale og gode forsikrings- og pensjonsordninger.
Arbeidstid fra 08.00 - 15.30 med fleksitidsordning, og gode velferdsordninger.
Vi kan tilby rask oppstart hvis ønskelig.","Sektor
Offentlig
Sted
Elias Smiths vei 15, 1337 Sandvika
Bransje
IT,
Drift og vedlikeholdstjenester,
Offentlig administrasjon
Stillingsfunksjon
IT drift og vedlikehold / IT-support,
IT drift og vedlikehold / Drift/Operations,
Kundeservice
Arbeidsspråk
Norsk,
Engelsk","Nøkkelord
Arbeidsleder, Videregående skole, Kundeservice, AV, Support","<div class=""import-decoration"" style=""hyphens: none;"" data-controller=""scrollStartTracking"" data-ec-track=""scroll-mid-classified"" data-adobe-track=""navigation.scroll-mid-classified.scroll"">
        <section class=""panel"">
                FRID IKS er et nyopprettet selskap, men med lang erfaring innen leveranser av IKT og digitaliseringstjenester. Vi har blant annet ansvaret for å levere og støtte alle IKT-oppgavene på de videregående skolene i fylkeskommunene Akershus, Buskerud og Østfold, og vi ser nå etter en ny IKT-ansvarlig for brukerstøtte ved Sandvika VGS. Dette innebærer blant annet supporttjenester for elevene og de ansatte ved skolen, samarbeid med øvrig IKT-enhet og servicesenter, samt oppfølging av våre IKT-lærlinger. Vi ser derfor etter deg som evner å sette deg inn i brukeres behov og trives med å arbeide med problemløsning.<br><br>Stillingen inngår i seksjonen for brukerstøtte, sone Bærum i Akershus. Brukerstøtte er delt inn i 10 soner, hvorav det i sone Bærum er 17 ansatte. Sonen supporterer alle virksomheter i Akershus fylkeskommune i Bærumsområdet. Det omfatter virksomhetene Dønski VGS, Nadderud VGS, Rosenvilde VGS, Sandvika VGS, Rud VGS og Stabekk VGS og Akershus tannklinikker i Bærum kommune.<br><br>Ditt primære arbeidssted vil være Sandvika Videregående Skole. Arbeidsoppgaver kan måtte utføres ved andre skoler og virksomheter. Stillingen rapporterer til nærmeste teamleder i brukerstøtte.<br><br>For mer informasjon om FRID IKS, se www.frid-iks.no eller ta kontakt med Morten Andersen, teamleder for brukerstøtte sone Bærum.<br><br><h3>Arbeidsoppgaver</h3><ul><li>Levere gode supporttjenester for ansatte og elever.</li><li>Bistå med lokale innkjøp.</li><li>Brukerstøtte på PC, AV-utstyr, multifunksjonsskrivere, nettverk og fagsystemer på skole.</li><li>Brukerstøtte under prøver, eksamener og skolestart/skoleslutt.</li><li>Bistå med rutiner/retningslinjer/instrukser/brukerdokumentasjon, FAQ.</li><li>Delta i prosjekter.</li><li>Samarbeide med øvrig IKT-enhet og Servicesenter.</li><li>Oppfølging av IKT-lærlinger som instruktør.</li></ul><h3>Kvalifikasjoner</h3><ul><li>Fagbrev fra IKT service eller annen relevant erfaring/utdannelse.</li><li>Erfaring fra kundeservice.</li><li>Kjennskap med service management verktøy.</li><li>Førerkort klasse B.</li><li>Kjennskap til ITIL.</li><li>God muntlig og skriftlig fremstillingsevne på norsk og engelsk.</li></ul><h3>Personlige egenskaper</h3><ul><li>Serviceinnstilt og positiv.</li><li>Gode evner til å samarbeide, kommunisere og forstå brukernes behov.</li><li>Har en strukturert, systematisk og selvstendig tilnærming til arbeidet.</li><li>Forenkle hverdagen for brukere av våre tjenester.</li><li>Tar ansvar og følger opp saker til beste for brukerne.</li><li>Bidrar verdifullt og aktivt til å bygge en organisasjon i endring.</li></ul><h3>Vi tilbyr</h3><ul><li>Et fremoverlent teknisk arbeidsmiljø med mange dyktige medarbeidere.</li><li>Varierte og utfordrende oppgaver i et godt arbeidsmiljø.</li><li>Et fagmiljø som søker å ta i bruk og utnytte ny teknologi og funksjonalitet, og med det fremsnakker initiativ og nytenkning.</li><li>En arbeidshverdag som tilbyr fleksibilitet og ansvar innenfor eget ansvarsområde.</li><li>En arbeidsplass som tilrettelegger for faglig utvikling ved interne og eksterne kurs, i tillegg til kollegabasert kompetansedeling.</li><li>Mulighet til å være en aktiv deltager i å bygge og utvikle et av Norges største digitaliseringsmiljø i kommunal sektor.</li><li>Lønn etter avtale og gode forsikrings- og pensjonsordninger.</li><li>Arbeidstid fra 08.00 - 15.30 med fleksitidsordning, og gode velferdsordninger.</li><li>Vi kan tilby rask oppstart hvis ønskelig.</li></ul></section>
        </div>"
https://www.finn.no/job/parttime/ad.html?finnkode=335862629,2024-01-12 13:58:53,finn,Vi søker engasjerte barn- og ungdomsarbeidere til vår SFO!,"Arbeidsgiver
Sandnes kommune
Stillingstittel
fagarbeider
Frist
29.01.2024
Ansettelsesform
Vikariat","Sørbø SFO er en del av Sørbø skole. Visjonen vår er ""Best sammen"" og preger arbeidet vårt på skolen og SFO.
Vi ligger i naturskjønne omgivelser ved Stokkelandsvannet som ofte brukes til turer og utflukter i SFO-tiden.
Sørbø SFO er en av Sandnes kommune sine største SFO-er. Vi har pr. dags dato 230 barn innom hver uke. Teamet vårt består av 23 voksne, 3 baseledere og 1 avdelingsleder. Personalet er primært knyttet til et av trinnene og skal bidra til å tilby varierte aktiviteter og veilede barna i SFO tiden.
I 2021 kom den nasjonale Rammeplanen for SFO. Det er et tydelig signal om at det satses på SFO, og at SFO har et viktig samfunnsoppdrag. På Sørbø skole legges det vekt på at SFO er en del av det helhetlige skoletilbudet. Vi driver et spennende og kontinuerlig utviklingsarbeid. Fra dette året skal vi i Sandnes kommune heve vår kompetanse innen traumebevisst omsorg. Slik skaper vi økt kompetanse, kvalitet og trivsel, både for elevene og de ansatte.

Arbeidsoppgaver
Du skal sammen med dine kollegaer, ha ansvaret for å organisere lek og aktiviteter på basen
Du skal jobbe tett sammen i team som er knyttet til trinn, men vi samarbeider også på tvers av basene
Du skal være en god rollemodell og veileder i barns lek, aktiviteter og situasjoner som oppstår
Du skal gi omsorg og trygghet i SFO hverdagen
Kvalifikasjoner

Vi søker helst deg som er utdannet barn- og ungdomsarbeider, men andre med liknende utdanning og erfaring kan også søke og vil bli vurdert
Du må kunne jobbe i skolens ferier (juli er unntaket) og alle ukedager
Du har erfaring med barn som har små og store hjelpebehov.
Det er ønskelig at du har erfaring med å jobbe med barn i alderen 1-4 klasse.
Det er en fordel om du har erfaring med arbeid på SFO.
Krav om norskferdigheter på tilsvarende nivå B2
Tilfredsstillende politiattest er en forutsetning for ansettelse. Denne skal ikke legges ved søknaden, men leveres snarest etter tilbud om ansettelse og før tiltredelse
I denne stillingen kreves det at du leverer egenerklæring for tuberkulose før tiltredelse
Personlige egenskaper
Dine nye kolleager synes det viktig at du er fleksibel, tar initiativ og har et godt humør
De ønsker også en kollega som er god på å leke, er modig, engasjert og kommuniserer godt med barn og voksne
Personlig egenhet vil bli vektlagt
Vi tilbyr
Engasjerte kollegaer
Kompetanseheving
En variert arbeidshverdag
Hjem-jobb-hjem avtale
Gratis svømming for alle ansatte i kommunens svømmehaller
Bedriftsidrettslag og bedriftskunstforening
Gode pensjons- og forsikringsordninger","Sektor
Offentlig
Antall stillinger
4
Sted
Haugen 27, 4323 Sandnes
Bransje
Barn, skole og undervisning
Stillingsfunksjon
Undervisning og pedagogikk
Arbeidsspråk
Norsk","Nøkkelord
Fagarbeider, Barn- og ungdomsarbeider","<div class=""import-decoration"" style=""hyphens: none;"" data-controller=""scrollStartTracking"" data-ec-track=""scroll-mid-classified"" data-adobe-track=""navigation.scroll-mid-classified.scroll"">
        <section class=""panel"">
                <p>Sørbø SFO er en del av Sørbø skole. Visjonen vår er ""Best sammen"" og preger arbeidet vårt på skolen og SFO.</p><p>Vi ligger i naturskjønne omgivelser ved Stokkelandsvannet som ofte brukes til turer og utflukter i SFO-tiden.</p><p>Sørbø SFO er en av Sandnes kommune sine største SFO-er. Vi har pr. dags dato 230 barn innom hver uke. Teamet vårt består av 23 voksne, 3 baseledere og 1 avdelingsleder. Personalet er primært knyttet til et av trinnene og skal bidra til å tilby varierte aktiviteter og veilede barna i SFO tiden. </p><p>I 2021 kom den nasjonale Rammeplanen for SFO. Det er et tydelig signal om at det satses på SFO, og at SFO har et viktig samfunnsoppdrag.  På Sørbø skole legges det vekt på at SFO er en del av det helhetlige skoletilbudet. Vi driver et spennende og kontinuerlig utviklingsarbeid. Fra dette året skal vi i Sandnes kommune heve vår kompetanse innen traumebevisst omsorg. Slik skaper vi økt kompetanse, kvalitet og trivsel, både for elevene og de ansatte.<br></p><br><h3>Arbeidsoppgaver</h3><ul><li>Du skal sammen med dine kollegaer, ha ansvaret for å organisere lek og aktiviteter på basen</li><li>Du skal jobbe tett sammen i team som er knyttet til trinn, men vi samarbeider også på tvers av basene</li><li>Du skal være en god rollemodell og veileder i barns lek, aktiviteter og situasjoner som oppstår</li><li>Du skal gi omsorg og trygghet i SFO hverdagen<br></li></ul><h3>Kvalifikasjoner</h3><br><ul><li>Vi søker helst deg som er utdannet barn- og ungdomsarbeider, men andre med liknende utdanning og erfaring kan også søke og vil bli vurdert</li><li>Du må kunne jobbe i skolens ferier (juli er unntaket) og alle ukedager<br></li><li>Du har erfaring med barn som har små og store hjelpebehov.</li><li>Det er ønskelig at du har erfaring med å jobbe med barn i alderen 1-4 klasse.</li><li>Det er en fordel om du har erfaring med arbeid på SFO.</li></ul><ul><li>Krav om norskferdigheter på tilsvarende nivå B2</li><li>Tilfredsstillende politiattest er en forutsetning for ansettelse. Denne skal ikke legges ved søknaden, men leveres snarest etter tilbud om ansettelse og før tiltredelse</li><li>I denne stillingen kreves det at du leverer egenerklæring for tuberkulose før tiltredelse</li></ul><h3>Personlige egenskaper</h3><ul><li>Dine nye kolleager synes det viktig at du er fleksibel, tar initiativ og har et godt humør</li><li>De ønsker også en kollega som er god på å leke, er modig, engasjert og kommuniserer godt med barn og voksne</li><li>Personlig egenhet vil bli vektlagt</li></ul><h3>Vi tilbyr</h3><ul><li>Engasjerte kollegaer</li><li>Kompetanseheving</li><li>En variert arbeidshverdag</li><li>Hjem-jobb-hjem avtale</li><li>Gratis svømming for alle ansatte i kommunens svømmehaller</li><li>Bedriftsidrettslag og bedriftskunstforening</li><li>Gode pensjons- og forsikringsordninger</li></ul></section>
        </div>"
https://www.finn.no/job/fulltime/ad.html?finnkode=335865390,2024-01-12 13:58:55,finn,Nå kan du sikre deg sommerjobb for 2024!,"Arbeidsgiver
Face2Face Creatives AS
Stillingstittel
Promotør
Frist
09.02.2024
Ansettelsesform
Sommer/Sesong","Gled deg til sommeren 2024 og ny jobb! Dette er en spennende mulighet for deg som ønsker å bruke sommerferien til å opparbeide deg relevant erfaring, tjene opp penger, eller bygge karriere innenfor kommunikasjon, markedsføring, ledelse og salg. For rett person kan det finnes muligheter for videre utvikling også etter sommeren!

Hvem er vi?
Face2face Creatives er et reklame- og kampanjebyrå med norske avdelinger i Oslo, Bergen og Stavanger, i tillegg til omreisende team på turné der vi reiser rundt i hele Norge. Som promotør vil du bli en del av et utadvendt og dynamisk team i et av Norges mest sosiale arbeidsmiljø, der vi vektlegger din personlige utvikling og hvordan du best kan bruke dine egenskaper og ferdigheter til å oppnå resultater. 

Som promotør i Face2face vil du fronte noen av landets mest kjente merkevarer og organisasjoner. Du kommer til å møte kunder i felt på utvalgte markedsplasser der kundene er – ansikt til ansikt – og hjelpe de med å forstå og ta gode valg. Her får du grundig teoretisk og praktisk opplæring i salg og Field Marketing, så dersom du ikke har mye salgserfaring vil vi oppfordre deg til å søke da dine personlige egenskaper og motivasjon blir vektlagt. I Face2face jobber vi aktivt med karriereutvikling der du har mulighet til å utvikle deg videre innen salg og ledelse etter sommeren. 

Hva kan vi tilby deg?
Fokus på din personlige utvikling
Mulighet for lederutvikling gjennom F2F Campus - Bli leder!
En trygg arbeidsplass med 25 års erfaring i bransjen
Konkurransedyktig lønnsmodell med garantilønn og provisjoner
Utadvendt og inkluderende arbeidsmiljø
Konkurranser, sosiale aktiviteter, sommerfester og mye morro!

Hvem er du?
Lærevillig, engasjert og positivt innstilt
Utadvendt av natur (eller ønsker å bli det)
Flink med personlige relasjoner
Målrettet og selvmotivert
Tilpasningsdyktig og glad i å lykkes
På jakt etter faglig og personlig utvikling
Tilgejngelig i 5 uker eller mer, i sommer
 ","Sektor
Privat
Antall stillinger
4
Sted
9009 Tromsø
Bransje
Markedsføring og annonsering,
PR, informasjon og kommunikasjon,
Annet
Stillingsfunksjon
Ledelse,
Markedsfører,
Salg
Arbeidsspråk
Norsk","Nøkkelord
salg, ledelse, kommunikasjon, markedsføring, sommer","<div class=""import-decoration"" style=""hyphens: none;"" data-controller=""scrollStartTracking"" data-ec-track=""scroll-mid-classified"" data-adobe-track=""navigation.scroll-mid-classified.scroll"">
        <section class=""panel"">
                <p><strong>Gled deg til sommeren 2024 og ny jobb! Dette er en spennende mulighet for deg som ønsker å bruke sommerferien til å opparbeide deg relevant erfaring, tjene opp penger, eller bygge karriere innenfor kommunikasjon, markedsføring, ledelse og salg. For rett person kan det finnes muligheter for videre utvikling også etter sommeren!</strong><br><br><strong>Hvem er vi?<br></strong>Face2face Creatives er et reklame- og kampanjebyrå med norske avdelinger i Oslo, Bergen og Stavanger, i tillegg til omreisende team på turné der vi reiser rundt i hele Norge. Som promotør vil du bli en del av et utadvendt og dynamisk team i et av Norges mest sosiale arbeidsmiljø, der vi vektlegger din personlige utvikling og hvordan du best kan bruke dine egenskaper og ferdigheter til å oppnå resultater.&nbsp;<br><br>Som promotør i Face2face vil du fronte noen av landets mest kjente merkevarer og organisasjoner. Du kommer til å møte kunder i felt på utvalgte markedsplasser der kundene er – ansikt til ansikt – og hjelpe de med å forstå og ta gode valg. Her får du grundig teoretisk og praktisk opplæring i salg og Field Marketing, så dersom du ikke har mye salgserfaring vil vi oppfordre deg til å søke da dine personlige egenskaper og motivasjon blir vektlagt. I Face2face jobber vi aktivt med karriereutvikling der du har mulighet til å utvikle deg videre innen salg og ledelse etter sommeren.&nbsp;</p><p><br><strong>Hva kan vi tilby deg?</strong></p><ul><li>Fokus på din personlige utvikling</li><li>Mulighet for lederutvikling gjennom F2F Campus - Bli leder!</li><li>En trygg arbeidsplass med 25 års erfaring i bransjen</li><li>Konkurransedyktig lønnsmodell med garantilønn og provisjoner</li><li>Utadvendt og inkluderende arbeidsmiljø</li><li>Konkurranser, sosiale aktiviteter, sommerfester og mye morro!</li></ul><p><br><strong>Hvem er du?</strong></p><ul><li>Lærevillig, engasjert og positivt innstilt</li><li>Utadvendt av natur (eller ønsker å bli det)</li><li>Flink med personlige relasjoner</li><li>Målrettet og selvmotivert</li><li>Tilpasningsdyktig og glad i å lykkes</li><li>På jakt etter faglig og personlig utvikling</li><li>Tilgejngelig i 5 uker eller mer, i sommer</li></ul><p>&nbsp;<br><strong></strong></p></section>
        </div>"
https://www.finn.no/job/fulltime/ad.html?finnkode=335862637,2024-01-12 13:58:56,finn,"Er du en strukturert koordinator som elsker frivilligheten, kursutvikling og formidling?","Arbeidsgiver
Norske Kvinners Sanitetsforening
Stillingstittel
Frivillighetskoordinator
Frist
28.01.2024
Ansettelsesform
Fast","Sanitetskvinnene søker en relasjonsorientert og utadvendt koordinator med prosjektledererfaring til vårt arbeid med å styrke frivilligheten, samt vårt kurs- og formidlingsarbeid.
Vi ser etter deg som har jobbet med kursutvikling og som er komfortabel med å holde presentasjoner og foredrag for små og store forsamlinger. Du snakker lett med ulike typer mennesker, er serviceinnstilt og strukturert. Du kjenner til, og liker, frivilligheten i Norge, og har lyst til å bidra til at våre foreninger får satt kvinnehelse på kartet i sine lokalsamfunn. Dette er felt i endring i vår organisasjon, og det er viktig å være fleksibel og endringsvillig. Om hjertet ditt i tillegg brenner for kvinnehelse og de mest sårbare, så ser vi frem til å høre fra deg!
Koordinatoren skal:
Være kontaktpunkt og bindeledd mellom regional- og fylkesbasert frivillighet og ansatte
Ha ansvar for utvikling, implementering og oppfølging av beskrevet frivillighetsmodell
Være ansvarlig for utvikling av kurs, kompetansehevende tiltak og nye prosjekter
Holde kurs og foredrag
Jobbe tett og godt sammen med fagrådgivere og støttefunksjoner
Ønsket kompetanse:
Pedagogisk, samfunns- eller helsefaglig utdanning. Relevant erfaring kan kompensere for manglende relevant utdanning.
Gjerne kompetanse om foreldreskap, psykisk helse og mangfold.
Erfaring fra prosjektledelse med gode resultater, eller annet arbeid som krever god struktur og planlegging.
Erfaring med kursutvikling, opplæring og formidling.
Erfaring med frivillig arbeid, gjerne fra utenfor de store byene.
Erfaring med eller sterk interesse for kvinnehelse
Vi håper at du:
Elsker å drive med formidling, og å snakke foran store og små forsamlinger
Er analytisk og kan utarbeide gode presentasjoner med tydelig budskap basert på informasjon du får av andre
Er en nettverksbygger som kommuniserer tydelig og samarbeider godt med andre
Er selvstendig, serviceorientert og strukturert
Er fleksibel og omstillingsdyktig
Som Norges største kvinneorganisasjon skal vi målrette våre frivillige aktiviteter mot de mest sårbare, og tilby lavterskelaktiviteter innen kvinnehelse. Vi skal også sette det offentlige, organisasjoner og enkeltpersoner i stand til å ta i bruk kunnskap om kvinnehelse. For å få dette til trenger vi deg!
Vi er i en spennende omleggingsperiode for oppfølgingen av vår frivillighet. Fremover skal vi styrke samarbeidet med frivillige fylkeskontakter for kvinnehelse og ansatte ved våre fire kvinnehelsehus for å sikre god kvalitet og vekst i tilbudene lokalt. Du vil være en nøkkelperson i å starte og implementere dette samarbeidet, og du vil ha hovedansvar for løpende oppfølging av våre fylkes- og regionale kontakter.
Sanitetskvinnene produserer og forvalter mye kunnskap, og vi trenger deg til å sette vårt utadrettede kurs- og kompetansearbeid i system. Tematisk dekker vi livsløpet, og det spenner fra barseldepresjon over postmigrasjonsstress til helseutfordringer i alderdommen, men du behøver ikke være en fagekspert på dette. Vi har mange gode fagrådgivere som vil være støttepersoner for deg i ditt utviklings- og formidlingsarbeid. Du vil utvikle kurs, foredrag og nye prosjekt rettet mot frivilligheten og fagpersoner på eksempelvis helsestasjoner. Vi tenker også at det er fint om du kan reise en del for å holde disse kursene og foredragene.
Personlig egnethet vil bli tillagt vekt. Vi jobber med mangfold og er opptatt av å nå hele befolkningen.
Vi kan tilby:
Du blir en del av en landsdekkende organisasjon i utvikling.
Et godt arbeidsmiljø med svært kvalifiserte og engasjerte medarbeidere.
Uformelt og godt sosialt miljø der vi bryr oss om hverandre.
Fleksibel arbeidstid og pensjonsordning i Statens Pensjonskasse.
Arbeidsplass i Kirkegata 15 sentralt i Oslo.
Alle ledere har gjennomgått kurs i mangfoldsledelse og mange er sertifiserte mangfoldsledere
Stillingen rapporterer til leder for avdeling kvinnehelse. Du må regne med å reise noe, og å jobbe noe på kvelder og i helger. Lønn etter avtale. Ta gjerne kontakt med avdelingsleder Anniken Schwamborn afs at sanitetskvinnene.no hvis du har spørsmål eller ønsker mer informasjon om stillingen. Søknadsfrist 28.januar 2024.","Nettverk
Facebook, LinkedIn, X
Sektor
Privat
Sted
Kirkegata 15, 0153 Oslo
Bransje
Ideelle organisasjoner,
Organisasjoner
Stillingsfunksjon
Koordinering
Arbeidsspråk
Norsk","Nøkkelord
Frivillighet, Kvinnehelse, Kurs, Foredrag, koordinator","<div class=""import-decoration"" style=""hyphens: none;"" data-controller=""scrollStartTracking"" data-ec-track=""scroll-mid-classified"" data-adobe-track=""navigation.scroll-mid-classified.scroll"">
        <section class=""panel"">
                <p>Sanitetskvinnene søker en relasjonsorientert og utadvendt koordinator med prosjektledererfaring til vårt arbeid med å styrke frivilligheten, samt vårt kurs- og formidlingsarbeid.</p><p>Vi ser etter deg som har jobbet med kursutvikling og som er komfortabel med å holde presentasjoner og foredrag for små og store forsamlinger. Du snakker lett med ulike typer mennesker, er serviceinnstilt og strukturert. Du kjenner til, og liker, frivilligheten i Norge, og har lyst til å bidra til at våre foreninger får satt kvinnehelse på kartet i sine lokalsamfunn. Dette er felt i endring i vår organisasjon, og det er viktig å være fleksibel og endringsvillig. Om hjertet ditt i tillegg brenner for kvinnehelse og de mest sårbare, så ser vi frem til å høre fra deg!</p><p><strong>Koordinatoren skal:</strong> </p><ul><li>Være kontaktpunkt og bindeledd mellom regional- og fylkesbasert frivillighet og ansatte</li><li>Ha ansvar for utvikling, implementering og oppfølging av beskrevet frivillighetsmodell</li><li>Være ansvarlig for utvikling av kurs, kompetansehevende tiltak og nye prosjekter</li><li>Holde kurs og foredrag</li><li>Jobbe tett og godt sammen med fagrådgivere og støttefunksjoner</li></ul><p><strong>Ønsket kompetanse:</strong> </p><ul><li>Pedagogisk, samfunns- eller helsefaglig utdanning. Relevant erfaring kan kompensere for manglende relevant utdanning.</li><li>Gjerne kompetanse om foreldreskap, psykisk helse og mangfold.</li><li>Erfaring fra prosjektledelse med gode resultater, eller annet arbeid som krever god struktur og planlegging. </li><li>Erfaring med kursutvikling, opplæring og formidling.</li><li>Erfaring med frivillig arbeid, gjerne fra utenfor de store byene.</li><li>Erfaring med eller sterk interesse for kvinnehelse</li></ul><p><strong>Vi håper at du</strong>:</p><ul><li>Elsker å drive med formidling, og å snakke foran store og små forsamlinger</li><li>Er analytisk og kan utarbeide gode presentasjoner med tydelig budskap basert på informasjon du får av andre</li><li>Er en nettverksbygger som kommuniserer tydelig og samarbeider godt med andre</li><li>Er selvstendig, serviceorientert og strukturert</li><li>Er fleksibel og omstillingsdyktig</li></ul><p>Som Norges største kvinneorganisasjon skal vi målrette våre frivillige aktiviteter mot de mest sårbare, og tilby lavterskelaktiviteter innen kvinnehelse. Vi skal også sette det offentlige, organisasjoner og enkeltpersoner i stand til å ta i bruk kunnskap om kvinnehelse. For å få dette til trenger vi deg!</p><p>Vi er i en spennende omleggingsperiode for oppfølgingen av vår frivillighet. Fremover skal vi styrke samarbeidet med frivillige fylkeskontakter for kvinnehelse og ansatte ved våre fire kvinnehelsehus for å sikre god kvalitet og vekst i tilbudene lokalt. Du vil være en nøkkelperson i å starte og implementere dette samarbeidet, og du vil ha hovedansvar for løpende oppfølging av våre fylkes- og regionale kontakter.</p><p>Sanitetskvinnene produserer og forvalter mye kunnskap, og vi trenger deg til å sette vårt utadrettede kurs- og kompetansearbeid i system. Tematisk dekker vi livsløpet, og det spenner fra barseldepresjon over postmigrasjonsstress til helseutfordringer i alderdommen, men du behøver ikke være en fagekspert på dette. Vi har mange gode fagrådgivere som vil være støttepersoner for deg i ditt utviklings- og formidlingsarbeid. Du vil utvikle kurs, foredrag og nye prosjekt rettet mot frivilligheten og fagpersoner på eksempelvis helsestasjoner. Vi tenker også at det er fint om du kan reise en del for å holde disse kursene og foredragene.</p><p>Personlig egnethet vil bli tillagt vekt. Vi jobber med mangfold og er opptatt av å nå hele befolkningen.</p><p><strong>Vi kan tilby:</strong> </p><ul><li>Du blir en del av en landsdekkende organisasjon i utvikling.</li><li>Et godt arbeidsmiljø med svært kvalifiserte og engasjerte medarbeidere.  </li><li>Uformelt og godt sosialt miljø der vi bryr oss om hverandre.</li><li>Fleksibel arbeidstid og pensjonsordning i Statens Pensjonskasse.  </li><li>Arbeidsplass i Kirkegata 15 sentralt i Oslo.  </li><li>Alle ledere har gjennomgått kurs i mangfoldsledelse og mange er sertifiserte mangfoldsledere</li></ul><p>Stillingen rapporterer til leder for avdeling kvinnehelse. Du må regne med å reise noe, og å jobbe noe på kvelder og i helger. Lønn etter avtale. Ta gjerne kontakt med avdelingsleder Anniken Schwamborn afs at sanitetskvinnene.no hvis du har spørsmål eller ønsker mer informasjon om stillingen. Søknadsfrist 28.januar 2024.  </p><p></p></section>
        </div>"
https://www.finn.no/job/fulltime/ad.html?finnkode=335862470,2024-01-12 13:59:00,finn,Advokat | Advokatfullmektig | Bergen,"Arbeidsgiver
SANDS Advokatfirma DA
Stillingstittel
Advokat | Advokatfullmektig
Frist
Snarest. Søknader vurderes fortløpende
Ansettelsesform
Fast","Til vårt kontor i Bergen ser vi etter deg som ønsker å bli forretningsadvokat. Vi ser både etter deg som uteksamineres i år, samt deg med arbeidserfaring. 

Vårt kontor i Bergen er et av regionens største og eldste advokatkontorer og ble etablert allerede i 1948. Vi ble en del av SANDS i 2009. Kontoret vårt i Bergen jobber innen fagfelt som offentlige anskaffelser, sjømat, entreprise, eiendom, arbeidsrett, skatt og avgift og M&A. Vi holder til i hjertet av byen og kjenner næringslivet svært godt og vet hva som rører seg. Vi er overbevist om at våre klienter i Bergen drar nytte av at våre advokater både har lokal tilknytning og et landsdekkende firma i ryggen. SANDS bistår klienter både nasjonalt og internasjonalt. 

I SANDS vil du være del av et av landets største forretningsadvokatfirmaer. Med advokatkontor i hele seks av landets største byer kan vi kombinere lokal kunnskap, bransjekunnskap og juridisk fagkunnskap på en måte få andre advokatfirmaer kan. Hos oss får du muligheten til å jobbe med noen av Norges fremste advokater, samtidig som du får en bred og allsidig utvikling i advokatrollen. 


Hvem ser vi etter? 

Vi ser etter deg som allerede har juridisk embetseksamen/master i rettsvitenskap og etter deg som uteksamineres i år. Du har ambisjoner om å bli forretningsadvokat og sterke faglige resultater. Vi ser etter deg med god muntlig og skriftlig fremstillingsevne, også på engelsk. Du evner å jobbe selvstendig, men er også en positiv lagspiller med gode kommunikasjons- og samarbeidsevner.  Du har interesse for jussens kommersielle sider og næringslivets forretningsmessige problemstillinger. 

Som person er du nøyaktig, strukturert og engasjert, og du vil gi det lille ekstra for at teamet skal skape resultater for klienten. Og ikke minst – du bidrar til et positivt arbeidsmiljø rund deg. 


Gode grunner til å velge SANDS

Hos oss blir du del av et fremoverlent firma med en uttalt utfordrermentalitet. Du får jobbe med varierte og utfordrende oppgaver i et faglig anerkjent kompetansemiljø. Vi har en flat struktur og du vil få gode utviklingsmuligheter gjennom ansvar, teamarbeid og veiledning av løsningsorienterte kolleger med spisskompetanse på sine fagfelt.  

Kulturen hos oss er preget av et sosialt og inkluderende miljø med stor vekt på utvikling, tillit og ansvar. Selv om det er høyt arbeidstempo og det kreves mye av oss, legger vi vekt på at det skal være gøy på jobb. Vi tror at medarbeidere yter best når de trives og at vi jobber sammen som et lag.  

Høres dette spennende ut? I så fall vil vi veldig gjerne høre fra deg.  


Søknad og prosess

Søknadsfrist: Snarest, søknader vurderes fortløpende 

Tiltredelse vil være etter avtale.  

I SANDS er kjønnsbalanse og mangfold en strategisk prioritering. Vi oppfordrer alle kvalifiserte kandidater til å søke, uansett hvem man er og hvor man er i livet. 


Vil du vite mer?

Har du spørsmål om stillingen er du velkommen til å kontakte Partner | Advokat Torkel Tveit | ttv@sands.no  | +47 55 30 10 43 eller Partner | Advokat Alf Johan Knag | ajk@sands.no | +47 55 30 10 09

Har du spørsmål om søknadsprosessen, kan du kontakte HR Manager Anna Tjomsås | atj@sands.no | +47 22 81 45 78

 
Om SANDS

SANDS er et av landets største forretningsadvokatfirmaer med kontorer i Oslo, Trondheim, Bergen, Ålesund, Tromsø og Tønsberg. Vi bistår store og mellomstore klienter og vekstselskaper i Norge og utlandet. Våre 150 advokater arbeider på tvers av kontorene, noe som gir våre klienter både et lokalt kontaktpunkt og full tilgang til firmaets samlede kompetanse og erfaring. 

Et advokatfirma består ikke bare av advokater. For å kunne levere optimale og fremtidsrettede løsninger til våre klienter, er vi avhengige av kompetent og effektiv bistand fra flere fagområder. Vi har spesialisert kompetanse innen HR, teknologi, marked, kommunikasjon, økonomi og forretningsutvikling. Våre assistenter og resepsjonister gir verdifull prosjektstøtte, bistand og service. Sammen skaper vi rammene for leveranse og utvikling av våre produkter og tjenester.

Våre ansatte har engasjement for jobben og faget. De bryr seg om hverandre, klientene og samfunnet rundt oss.
 
Les mer om oss og karrieremuligheter på SANDS.no

 ","Sektor
Privat
Sted
Nygårdsgaten 91, 5008 Bergen
Bransje
Juridiske tjenester
Stillingsfunksjon
Jurist,
Jurist / Advokat,
Jurist / Advokatfullmektig","Nøkkelord
Advokat, Advokatfullmektig, Jurist, Forretningsjus","<div class=""import-decoration"" style=""hyphens: none;"" data-controller=""scrollStartTracking"" data-ec-track=""scroll-mid-classified"" data-adobe-track=""navigation.scroll-mid-classified.scroll"">
        <section class=""panel"">
                Til vårt kontor i Bergen ser vi etter deg som ønsker å bli forretningsadvokat. Vi ser både etter deg som uteksamineres i år, samt deg med arbeidserfaring.&nbsp;<br><br>Vårt kontor i Bergen er et av regionens største og eldste advokatkontorer og ble etablert allerede i 1948. Vi ble en del av SANDS i 2009. Kontoret vårt i Bergen jobber innen fagfelt som offentlige anskaffelser, sjømat, entreprise, eiendom, arbeidsrett, skatt og avgift og M&amp;A. Vi holder til i hjertet av byen og kjenner næringslivet svært godt og vet hva som rører seg. Vi er overbevist om at våre klienter i Bergen drar nytte av at våre advokater både har lokal tilknytning og et landsdekkende firma i ryggen. SANDS bistår klienter både nasjonalt og internasjonalt.&nbsp;<br><br>I SANDS vil du være del av et av landets største forretningsadvokatfirmaer. Med advokatkontor i hele seks av landets største byer kan vi kombinere lokal kunnskap, bransjekunnskap og juridisk fagkunnskap på en måte få andre advokatfirmaer kan. Hos oss får du muligheten til å jobbe med noen av Norges fremste advokater, samtidig som du får en bred og allsidig utvikling i advokatrollen.&nbsp;<br><br><br><strong>Hvem ser vi etter?&nbsp;</strong><br><br>Vi ser etter deg som allerede har juridisk embetseksamen/master i rettsvitenskap og etter deg som uteksamineres i år. Du har ambisjoner om å bli forretningsadvokat og sterke faglige resultater. Vi ser etter deg med god muntlig og skriftlig fremstillingsevne, også på engelsk. Du evner å jobbe selvstendig, men er også en positiv lagspiller med gode kommunikasjons- og samarbeidsevner. &nbsp;Du har interesse for jussens kommersielle sider og næringslivets forretningsmessige problemstillinger.&nbsp;<br><br>Som person er du nøyaktig, strukturert og engasjert, og du vil gi det lille ekstra for at teamet skal skape resultater for klienten. Og ikke minst – du bidrar til et positivt arbeidsmiljø rund deg.&nbsp;<br><br><br><strong>Gode grunner til å velge SANDS</strong><br><br>Hos oss blir du del av et fremoverlent firma med en uttalt utfordrermentalitet. Du får jobbe med varierte og utfordrende oppgaver i et faglig anerkjent kompetansemiljø. Vi har en flat struktur og du vil få gode utviklingsmuligheter gjennom ansvar, teamarbeid og veiledning av løsningsorienterte kolleger med spisskompetanse på sine fagfelt. &nbsp;<br><br>Kulturen hos oss er preget av et sosialt og inkluderende miljø med stor vekt på utvikling, tillit og ansvar. Selv om det er høyt arbeidstempo og det kreves mye av oss, legger vi vekt på at det skal være gøy på jobb. Vi tror at medarbeidere yter best når de trives og at vi jobber sammen som et lag. &nbsp;<br><br>Høres dette spennende ut? I så fall vil vi veldig gjerne høre fra deg. &nbsp;<br><br><br><strong>Søknad og prosess</strong><br><br>Søknadsfrist: Snarest, søknader vurderes fortløpende&nbsp;<br><br>Tiltredelse vil være etter avtale. &nbsp;<br><br>I SANDS er kjønnsbalanse og mangfold en strategisk prioritering. Vi oppfordrer alle kvalifiserte kandidater til å søke, uansett hvem man er og hvor man er i livet.&nbsp;<br><br><br><strong>Vil du vite mer?</strong><br><br>Har du spørsmål om stillingen er du velkommen til å kontakte Partner | Advokat Torkel Tveit | ttv@sands.no &nbsp;| +47 55 30 10 43 eller Partner | Advokat Alf Johan Knag | ajk@sands.no | +47 55 30 10 09<br><br>Har du spørsmål om søknadsprosessen, kan du kontakte HR Manager Anna Tjomsås | atj@sands.no | +47 22 81 45 78<br><br>&nbsp;<br><strong>Om SANDS</strong><br><br>SANDS er et av landets største forretningsadvokatfirmaer med kontorer i Oslo, Trondheim, Bergen, Ålesund, Tromsø og Tønsberg. Vi bistår store og mellomstore klienter og vekstselskaper i Norge og utlandet. Våre 150 advokater arbeider på tvers av kontorene, noe som gir våre klienter både et lokalt kontaktpunkt og full tilgang til firmaets samlede kompetanse og erfaring.&nbsp;<br><br>Et advokatfirma består ikke bare av advokater. For å kunne levere optimale og fremtidsrettede løsninger til våre klienter, er vi avhengige av kompetent og effektiv bistand fra flere fagområder. Vi har spesialisert kompetanse innen HR, teknologi, marked, kommunikasjon, økonomi og forretningsutvikling. Våre assistenter og resepsjonister gir verdifull prosjektstøtte, bistand og service. Sammen skaper vi rammene for leveranse og utvikling av våre produkter og tjenester.<br><br>Våre ansatte har engasjement for jobben og faget. De bryr seg om hverandre, klientene og samfunnet rundt oss.<br>&nbsp;<br>Les mer om oss og karrieremuligheter på SANDS.no<br><br>&nbsp;</section>
        </div>"
https://www.finn.no/job/management/ad.html?finnkode=335862491,2024-01-12 13:59:01,finn,Kongsberg kommune søker etter,"Arbeidsgiver
Kongsberg kommune Helse og omsorg - Samordna tjenester for hjemmeboende
Stillingstittel
Avdelingsleder Dag- og aktivitet
Frist
31.01.2024
Ansettelsesform
Fast","Kort om stillingen:
Vi søker etter en avdelingsleder i 100% stilling for Dag og aktivitet, en avdeling i seksjon Samordnede tjenester til hjemmeboende (STH). Avdeling Dag og aktivitet drifter aktivitetstilbud til eldre hjemmeboende i kommunen, både med vedtak og lavterskeltilbud. Hovedbrukergruppa er pasienter med demenssykdom.  I tillegg vil avdelingslederen ha ansvar for de kommunale BPA-ordningene.
Vi tilbyr:
Utfordrende og spennende lederoppgaver, i en stabil avdelingsledergruppe med fokus på utvikling av tjenesten og kompetansedeling
Opplæring og veiledning etter behov, og eget lederveiledningsprogram som avdelingsledergruppa følger
Et faglig godt miljø med egen fagrådgiver i seksjonen
Ansvarsfullt og samfunnsnyttig arbeid
God pensjonsordning og gruppelivsforsikring
Lønn etter avtale
Rabatt på treningssentre
Innhold i stillingen:
Hovedoppgaver vil være:
Fag-, økonomi-, og personalansvar for begge avdelingene. For avdeling BPA, vil de ulike arbeidslederne ha den daglige kontakten med assistentene i ordningen.
Lage og følge opp arbeidsplaner
Koordinering av brukerlister
Følge opp og samarbeide med brukere og pårørende
Være en bidragsyter til samarbeidspartnere som kommunens demensteam, hjemmesykepleien, frivillige mm.
Sikre faglig forsvarlige tjenester innenfor tilgjengelige ressurser og etter gjeldende lovverk
Være med å utvikle tjenestetilbudet for å nå fremtidens krav og mål
Sørge for at avdelingen drives i henhold til seksjonens og kommunens verdier og målsetninger
Per i dag består avdeling Dag og aktivitet av ca. 10 årsverk, sykepleiere og helsefagarbeidere i dagstillinger. Vi har aktivitetstilbud på 6 ulike lokasjoner i Kongsberg. Dette vil være hoveddelen av stillingen.
Det er i dag 11 brukere som har kommunal BPA-ordning, med assistenter ansatt i tilsammen ca. 8 årsverk, hovedsakelig turnusstillinger.
Krav og ønsker til deg:
Ønsket kompetanse:
Vi ønsker deg som har erfaring fra ledelse og/eller koordinering innen kommunehelsetjenesten, eller annen relevant erfaring. Erfaring eller utdanning innenfor feltet demens er spesielt relevant.
Du må ha gode ferdigheter i data, dokumentasjon og kommunikasjon, samt god forståelse for økonomi og budsjettstyring.
Personlige egenskaper:
Positiv, tydelig og trygg
Engasjement for å utvikle aktivitetstilbud for brukergruppa
Interesse for fagutvikling og for tverrfaglig samarbeid
Evnen til å inspirere og motivere medarbeiderne og være en lagspiller
Gode kommunikasjonsevner
Stor arbeidskapasitet
Løsningsorientert
Evne til å jobbe selvstendig, være fleksibel og ta ansvar
Personlig egnethet for stillingen vil bli vektlagt
Formelle kvalifikasjonskrav:
Sykepleier/vernepleier med norsk autorisasjon
Førerkort klasse B
Annet
Arbeidstakere tilsettes i Kongsberg kommune. Lønns- og arbeidsvilkår i henhold til gjeldende avtaleverk. Det stilles krav til norskkunnskaper, skriftlig og muntlig, ved ansettelse. Dersom det kan trekkes i tvil om søkere har de nødvendige norskkunnskaper, skal vedkommende kunne dokumentere sin kunnskap ved bestått språkprøve nivå B2 eller tilsvarende før evt. ansettelse. I henhold til gjeldende lov- og avtaleverk må tilfredsstillende politiattest, egenerklæring tuberkulose/MRSA og taushetserklæring må leveres før tiltredelse. 
Søknad
Vi ber om at søkere benytter vårt elektroniske søknadsskjema. Vennligst fyll ut søknaden så fullstendig som mulig. Attester og vitnemål tas med til et eventuelt intervju. Det vil etter søknadsfristens utløp utarbeides en offentlig søkerliste. Søkere som ønsker å være unntatt offentlighet må begrunne dette særskilt. Begrunnelsen vil bli vurdert i forhold til reglene i Offentleglova. Hvis det etter kommunens vurderinger ikke foreligger en særskilt grunn, vil søkeren bli offentliggjort. Søker vil i et slikt tilfelle bli kontaktet på forhånd.","Sektor
Offentlig
Lederkategori
Leder
Sted
3616 Kongsberg
Bransje
Helse og omsorg,
Offentlig administrasjon
Stillingsfunksjon
Ledelse,
Helsepersonell","Nøkkelord
lavterskeltilbud, BPA, tverrfaglig, hjemmeboende","<div class=""import-decoration"" style=""hyphens: none;"" data-controller=""scrollStartTracking"" data-ec-track=""scroll-mid-classified"" data-adobe-track=""navigation.scroll-mid-classified.scroll"">
        <section class=""panel"">
                <p><strong>Kort om stillingen</strong>:</p><p>Vi søker etter en avdelingsleder i 100% stilling for Dag og aktivitet, en avdeling i seksjon Samordnede tjenester til hjemmeboende (STH). Avdeling Dag og aktivitet drifter aktivitetstilbud til eldre hjemmeboende i kommunen, både med vedtak og lavterskeltilbud. Hovedbrukergruppa er pasienter med demenssykdom. &nbsp;I tillegg vil avdelingslederen ha ansvar for de kommunale BPA-ordningene.</p><p><strong>Vi tilbyr: </strong></p><ul><li>Utfordrende og spennende lederoppgaver, i en stabil avdelingsledergruppe med fokus på utvikling av tjenesten og kompetansedeling</li><li>Opplæring og veiledning etter behov, og eget lederveiledningsprogram som avdelingsledergruppa følger</li><li>Et faglig godt miljø med egen fagrådgiver i seksjonen</li><li>Ansvarsfullt og samfunnsnyttig arbeid</li><li>God pensjonsordning og gruppelivsforsikring</li><li>Lønn etter avtale</li><li>Rabatt på treningssentre</li></ul><p><strong>Innhold i stillingen:</strong></p><p>Hovedoppgaver vil være:</p><ul><li>Fag-, økonomi-, og personalansvar for begge avdelingene. For avdeling BPA, vil de ulike arbeidslederne ha den daglige kontakten med assistentene i ordningen.</li><li>Lage og følge opp arbeidsplaner</li><li>Koordinering av brukerlister</li><li>Følge opp og samarbeide med brukere og pårørende</li><li>Være en bidragsyter til samarbeidspartnere som kommunens demensteam, hjemmesykepleien, frivillige mm.</li><li>Sikre faglig forsvarlige tjenester innenfor tilgjengelige ressurser og etter gjeldende lovverk</li><li>Være med å utvikle tjenestetilbudet for å nå fremtidens krav og mål</li><li>Sørge for at avdelingen drives i henhold til seksjonens og kommunens verdier og målsetninger</li></ul><p>Per i dag består avdeling Dag og aktivitet av ca. 10 årsverk, sykepleiere og helsefagarbeidere i dagstillinger. Vi har aktivitetstilbud på 6 ulike lokasjoner i Kongsberg. Dette vil være hoveddelen av stillingen. <br> Det er i dag 11 brukere som har kommunal BPA-ordning, med assistenter ansatt i tilsammen ca. 8 årsverk, hovedsakelig turnusstillinger.</p><p><strong>Krav og ønsker til deg: </strong></p><p>Ønsket kompetanse:</p><p>Vi ønsker deg som har erfaring fra ledelse og/eller koordinering innen kommunehelsetjenesten, eller annen relevant erfaring. Erfaring eller utdanning innenfor feltet demens er spesielt relevant. <br> Du må ha gode ferdigheter i data, dokumentasjon og kommunikasjon, samt god forståelse for økonomi og budsjettstyring.</p><p>Personlige egenskaper:</p><ul><li>Positiv, tydelig og trygg</li><li>Engasjement for å utvikle aktivitetstilbud for brukergruppa</li><li>Interesse for fagutvikling og for tverrfaglig samarbeid</li><li>Evnen til å inspirere og motivere medarbeiderne og være en lagspiller</li><li>Gode kommunikasjonsevner</li><li>Stor arbeidskapasitet</li><li>Løsningsorientert</li><li>Evne til å jobbe selvstendig, være fleksibel og ta ansvar</li></ul><p>Personlig egnethet for stillingen vil bli vektlagt</p><p><strong>Formelle kvalifikasjonskrav: </strong></p><p>Sykepleier/vernepleier med norsk autorisasjon</p><p>Førerkort klasse B</p><p><strong>Annet</strong></p><p>Arbeidstakere tilsettes i Kongsberg kommune. Lønns- og arbeidsvilkår i henhold til gjeldende avtaleverk. Det stilles krav til norskkunnskaper, skriftlig og muntlig, ved ansettelse. Dersom det kan trekkes i tvil om søkere har de nødvendige norskkunnskaper, skal vedkommende kunne dokumentere sin kunnskap ved bestått språkprøve nivå B2 eller tilsvarende før evt. ansettelse. I henhold til gjeldende lov- og avtaleverk må tilfredsstillende politiattest, egenerklæring tuberkulose/MRSA og taushetserklæring må leveres før tiltredelse.&nbsp;</p><p><strong>Søknad</strong></p><p>Vi ber om at søkere benytter vårt elektroniske søknadsskjema. Vennligst fyll ut søknaden så fullstendig som mulig. Attester og vitnemål tas med til et eventuelt intervju. Det vil etter søknadsfristens utløp utarbeides en offentlig søkerliste. Søkere som ønsker å være unntatt offentlighet må begrunne dette særskilt. Begrunnelsen vil bli vurdert i forhold til reglene i Offentleglova. Hvis det etter kommunens vurderinger ikke foreligger en særskilt grunn, vil søkeren bli offentliggjort. Søker vil i et slikt tilfelle bli kontaktet på forhånd.</p></section>
        </div>"
https://www.finn.no/job/fulltime/ad.html?finnkode=335865175,2024-01-12 13:59:02,finn,Nå kan du sikre deg sommerjobb! Bli med på reise!,"Arbeidsgiver
Face2Face Creatives AS
Stillingstittel
Promotør
Frist
09.02.2024
Ansettelsesform
Sommer/Sesong","Gled deg til sommeren 2024 og ny jobb! Dette er en spennende mulighet for deg som ønsker å bruke sommerferien til å opparbeide deg relevant erfaring, tjene opp penger, eller bygge karriere innenfor kommunikasjon, markedsføring, ledelse og salg. For rett person kan det finnes muligheter for videre utvikling også etter sommeren!

Hvem er vi?
Face2face Creatives er et reklame- og kampanjebyrå med norske avdelinger i Oslo, Bergen og Stavanger, i tillegg til omreisende team på turné der vi reiser rundt i hele Norge. Som promotør vil du bli en del av et utadvendt og dynamisk team i et av Norges mest sosiale arbeidsmiljø, der vi vektlegger din personlige utvikling og hvordan du best kan bruke dine egenskaper og ferdigheter til å oppnå resultater. 

Som promotør i Face2face vil du fronte noen av landets mest kjente merkevarer og organisasjoner. Du kommer til å møte kunder i felt på utvalgte markedsplasser der kundene er – ansikt til ansikt – og hjelpe de med å forstå og ta gode valg. Her får du grundig teoretisk og praktisk opplæring i salg og Field Marketing, så dersom du ikke har mye salgserfaring vil vi oppfordre deg til å søke da dine personlige egenskaper og motivasjon blir vektlagt. I Face2face jobber vi aktivt med karriereutvikling der du har mulighet til å utvikle deg videre innen salg og ledelse etter sommeren. 

Hva kan vi tilby deg?
Fokus på din personlige utvikling
Mulighet for lederutvikling gjennom F2F Campus - Bli leder!
En trygg arbeidsplass med 25 års erfaring i bransjen
Konkurransedyktig lønnsmodell med garantilønn og provisjoner
Utadvendt og inkluderende arbeidsmiljø
Konkurranser, sosiale aktiviteter, sommerfester og mye morro!

Hvem er du?
Lærevillig, engasjert og positivt innstilt
Utadvendt av natur (eller ønsker å bli det)
Flink med personlige relasjoner
Målrettet og selvmotivert
Tilpasningsdyktig og glad i å lykkes
På jakt etter faglig og personlig utvikling
Tilgejngelig i 5 uker eller mer, i sommer","Sektor
Privat
Antall stillinger
4
Sted
1706 Sarpsborg
Bransje
Markedsføring og annonsering,
PR, informasjon og kommunikasjon,
Annet
Stillingsfunksjon
Ledelse,
Markedsfører,
Salg
Arbeidsspråk
Norsk","Nøkkelord
salg, ledelse, kommunikasjon, markedsføring, sommer","<div class=""import-decoration"" style=""hyphens: none;"" data-controller=""scrollStartTracking"" data-ec-track=""scroll-mid-classified"" data-adobe-track=""navigation.scroll-mid-classified.scroll"">
        <section class=""panel"">
                <p><strong>Gled deg til sommeren 2024 og ny jobb! Dette er en spennende mulighet for deg som ønsker å bruke sommerferien til å opparbeide deg relevant erfaring, tjene opp penger, eller bygge karriere innenfor kommunikasjon, markedsføring, ledelse og salg. For rett person kan det finnes muligheter for videre utvikling også etter sommeren!</strong><br><br><strong>Hvem er vi?<br></strong>Face2face Creatives er et reklame- og kampanjebyrå med norske avdelinger i Oslo, Bergen og Stavanger, i tillegg til omreisende team på turné der vi reiser rundt i hele Norge. Som promotør vil du bli en del av et utadvendt og dynamisk team i et av Norges mest sosiale arbeidsmiljø, der vi vektlegger din personlige utvikling og hvordan du best kan bruke dine egenskaper og ferdigheter til å oppnå resultater.&nbsp;<br><br>Som promotør i Face2face vil du fronte noen av landets mest kjente merkevarer og organisasjoner. Du kommer til å møte kunder i felt på utvalgte markedsplasser der kundene er – ansikt til ansikt – og hjelpe de med å forstå og ta gode valg. Her får du grundig teoretisk og praktisk opplæring i salg og Field Marketing, så dersom du ikke har mye salgserfaring vil vi oppfordre deg til å søke da dine personlige egenskaper og motivasjon blir vektlagt. I Face2face jobber vi aktivt med karriereutvikling der du har mulighet til å utvikle deg videre innen salg og ledelse etter sommeren.&nbsp;</p><p><br><strong>Hva kan vi tilby deg?</strong></p><ul><li>Fokus på din personlige utvikling</li><li>Mulighet for lederutvikling gjennom F2F Campus - Bli leder!</li><li>En trygg arbeidsplass med 25 års erfaring i bransjen</li><li>Konkurransedyktig lønnsmodell med garantilønn og provisjoner</li><li>Utadvendt og inkluderende arbeidsmiljø</li><li>Konkurranser, sosiale aktiviteter, sommerfester og mye morro!</li></ul><p><br><strong>Hvem er du?</strong></p><ul><li>Lærevillig, engasjert og positivt innstilt</li><li>Utadvendt av natur (eller ønsker å bli det)</li><li>Flink med personlige relasjoner</li><li>Målrettet og selvmotivert</li><li>Tilpasningsdyktig og glad i å lykkes</li><li>På jakt etter faglig og personlig utvikling</li><li>Tilgejngelig i 5 uker eller mer, i sommer</li></ul><p></p></section>
        </div>"
https://www.finn.no/job/fulltime/ad.html?finnkode=335864854,2024-01-12 13:59:04,finn,Nå kan du sikre deg sommerjobb for 2024!,"Arbeidsgiver
Face2Face Creatives AS
Stillingstittel
Promotør
Frist
09.02.2024
Ansettelsesform
Sommer/Sesong","Gled deg til sommeren 2024 og ny jobb! Dette er en spennende mulighet for deg som ønsker å bruke sommerferien til å opparbeide deg relevant erfaring, tjene opp penger, eller bygge karriere innenfor kommunikasjon, markedsføring, ledelse og salg. For rett person kan det finnes muligheter for videre utvikling også etter sommeren!

Hvem er vi?
Face2face Creatives er et reklame- og kampanjebyrå med norske avdelinger i Oslo, Bergen og Stavanger, i tillegg til omreisende team på turné der vi reiser rundt i hele Norge. Som promotør vil du bli en del av et utadvendt og dynamisk team i et av Norges mest sosiale arbeidsmiljø, der vi vektlegger din personlige utvikling og hvordan du best kan bruke dine egenskaper og ferdigheter til å oppnå resultater. 

Som promotør i Face2face vil du fronte noen av landets mest kjente merkevarer og organisasjoner. Du kommer til å møte kunder i felt på utvalgte markedsplasser der kundene er – ansikt til ansikt – og hjelpe de med å forstå og ta gode valg. Her får du grundig teoretisk og praktisk opplæring i salg og Field Marketing, så dersom du ikke har mye salgserfaring vil vi oppfordre deg til å søke da dine personlige egenskaper og motivasjon blir vektlagt. I Face2face jobber vi aktivt med karriereutvikling der du har mulighet til å utvikle deg videre innen salg og ledelse etter sommeren. 

Hva kan vi tilby deg?
Fokus på din personlige utvikling
Mulighet for lederutvikling gjennom F2F Campus - Bli leder!
En trygg arbeidsplass med 25 års erfaring i bransjen
Konkurransedyktig lønnsmodell med garantilønn og provisjoner
Utadvendt og inkluderende arbeidsmiljø
Konkurranser, sosiale aktiviteter, sommerfester og mye morro!

Hvem er du?
Lærevillig, engasjert og positivt innstilt
Utadvendt av natur (eller ønsker å bli det)
Flink med personlige relasjoner
Målrettet og selvmotivert
Tilpasningsdyktig og glad i å lykkes
På jakt etter faglig og personlig utvikling
Tilgejngelig i 5 uker eller mer, i sommer
 ","Sektor
Privat
Antall stillinger
4
Sted
2318 Hamar
Bransje
Markedsføring og annonsering,
PR, informasjon og kommunikasjon,
Annet
Stillingsfunksjon
Ledelse,
Markedsfører,
Salg
Arbeidsspråk
Norsk","Nøkkelord
salg, ledelse, kommunikasjon, markedsføring, sommer","<div class=""import-decoration"" style=""hyphens: none;"" data-controller=""scrollStartTracking"" data-ec-track=""scroll-mid-classified"" data-adobe-track=""navigation.scroll-mid-classified.scroll"">
        <section class=""panel"">
                <p><strong>Gled deg til sommeren 2024 og ny jobb! Dette er en spennende mulighet for deg som ønsker å bruke sommerferien til å opparbeide deg relevant erfaring, tjene opp penger, eller bygge karriere innenfor kommunikasjon, markedsføring, ledelse og salg. For rett person kan det finnes muligheter for videre utvikling også etter sommeren!</strong><br><br><strong>Hvem er vi?<br></strong>Face2face Creatives er et reklame- og kampanjebyrå med norske avdelinger i Oslo, Bergen og Stavanger, i tillegg til omreisende team på turné der vi reiser rundt i hele Norge. Som promotør vil du bli en del av et utadvendt og dynamisk team i et av Norges mest sosiale arbeidsmiljø, der vi vektlegger din personlige utvikling og hvordan du best kan bruke dine egenskaper og ferdigheter til å oppnå resultater.&nbsp;<br><br>Som promotør i Face2face vil du fronte noen av landets mest kjente merkevarer og organisasjoner. Du kommer til å møte kunder i felt på utvalgte markedsplasser der kundene er – ansikt til ansikt – og hjelpe de med å forstå og ta gode valg. Her får du grundig teoretisk og praktisk opplæring i salg og Field Marketing, så dersom du ikke har mye salgserfaring vil vi oppfordre deg til å søke da dine personlige egenskaper og motivasjon blir vektlagt. I Face2face jobber vi aktivt med karriereutvikling der du har mulighet til å utvikle deg videre innen salg og ledelse etter sommeren.&nbsp;</p><p><br><strong>Hva kan vi tilby deg?</strong></p><ul><li>Fokus på din personlige utvikling</li><li>Mulighet for lederutvikling gjennom F2F Campus - Bli leder!</li><li>En trygg arbeidsplass med 25 års erfaring i bransjen</li><li>Konkurransedyktig lønnsmodell med garantilønn og provisjoner</li><li>Utadvendt og inkluderende arbeidsmiljø</li><li>Konkurranser, sosiale aktiviteter, sommerfester og mye morro!</li></ul><p><br><strong>Hvem er du?</strong></p><ul><li>Lærevillig, engasjert og positivt innstilt</li><li>Utadvendt av natur (eller ønsker å bli det)</li><li>Flink med personlige relasjoner</li><li>Målrettet og selvmotivert</li><li>Tilpasningsdyktig og glad i å lykkes</li><li>På jakt etter faglig og personlig utvikling</li><li>Tilgejngelig i 5 uker eller mer, i sommer</li></ul><p>&nbsp;<br><strong></strong></p></section>
        </div>"
https://www.finn.no/job/fulltime/ad.html?finnkode=335862197,2024-01-12 13:59:06,finn,Prosjekterende landskapsarkitekt,"Arbeidsgiver
Stavanger kommune
Stillingstittel
Prosjekterende landskapsarkitekt
Frist
28.01.2024
Ansettelsesform
Fast","Stavanger kommune- vi bygger fellesskap!

Idrett og utemiljø er en del av direktørområdet Bymiljø og utbygging (BMU).Idrett og utemiljø ivaretar blant annet investering i og drift av kommunens fellesarealer og bygninger.

Idrett og utemiljø ved seksjon strategi og prosjektsøker etter en prosjekterende landskapsarkitekt, med arbeidssted i Olav Kyrres gate 19.

Strategi og prosjekter en av seks seksjoner i idrett og utemiljø. Seksjonen har ansvar for prosjektutvikling, disposisjonsplaner, strategier, detaljprosjektering og bygging av offentlige skolegårder og barnehager, parker, friområder, lekeplasser, nærmiljøanlegg, turveier, torg, plasser og byrom, gatetun og miljøgater.

Samfunnsoppdraget vårt er forankret i FNs bærekraftsmål, kommuneplanen, grønn plan og klima- og miljøplanen. Vi brenner for gode uterom og dets brukere (mennesker, dyr, fugler og insekter). Vi jobber for en helhetlig utvikling av kommunen bl.a. med naturbaserte løsninger som premiss for utformingen. Vi er 17 ansatte i seksjonen og har et av Stavangerregionens største landskapsarkitektmiljøer.


Ansvarsområder og arbeidsoppgaver
Prosjektutvikling gjennom alle faser. Arbeidet består bla. av utarbeidelse av stedsanalyser, konseptutvikling, mulighetsstudier, disposisjonsplaner og for- og detaljprosjektering
Fasilitere medvirkningsprosess, brukerdialog og informasjonsmøter
Kontakt med interne og eksterne samarbeidspartnere
Prosjektbaserte arbeidsoppgaver med stor variasjon

Kvalifikasjoner
Landskapsarkitekt, landskapsingeniør eller urban designer
Mastergrad eller tilsvarende utdannelse og erfaring
Relevant erfaring fra skisse- og detaljprosjektering eller prosjektarbeid innenfor bynatur, utforming av byrom, naturbasert overvannshåndtering og sosiale møteplasser
Gode dataferdigheter. Erfaring med programmer som Autocad og Adobepakken (Indesign m.m.). Det er en fordel med kjennskap til 3D-prosjektering og bruk av Vectorworks landmark
Erfaring med utarbeidelse av anbudsbeskrivelser etter NS3420 er ønskelig
Tydelig i kommunikasjon, har god og tydelig norsk skriftlig og muntlig fremstillingsevne

Arbeidsspråket i Stavanger kommune er norsk. Dersom du har et annet morsmål enn norsk, må du dokumentere at du har språkferdigheter tilsvarende B2. Gjelder ikke søkere med et skandinavisk språk som morsmål.
Personlige egenskaper
Du er kreativ, formsterk, innovativ, kunnskapsrik og nysgjerrig for å lære nytt
Du er fleksibel, liker å jobbe i team og kan samarbeide på tvers av fagområder
Du er metodisk, strukturert og har god gjennomføringsevne
Du trives i et travelt og aktivt arbeidsmiljø
Du bidrar til et godt sosialt og faglig miljø
Vi tilbyr
Inspirerende arbeidsoppgaver i et stort og kompetent fagmiljø
Deltakelse i et spennende og tverrfaglig miljø
Godt humør og en lett stemning
Motiverende samfunnsoppdrag
Fleksibel arbeidstid
Lønn etter avtale ut fra kvalifikasjoner og erfaring. Stillingskode 853501 Landskapsarkitekt.
Hjem-Jobb-Hjem avtale
Gode forsikrings- og pensjonsordninger
Velferdsgoder som bedriftskunstforeninger, bedriftsidrettslag og Stavangerkortet (for trening i svømmehallene)
Stillingen ønskers tiltrådt så snart som mulig","Sektor
Offentlig
Sted
Olav Kyrres Gate 19, 4005 Stavanger
Bransje
Annet
Stillingsfunksjon
Arkitekt og planlegging / Landskapsarkitekt,
Saksbehandler
Arbeidsspråk
Norsk","Nøkkelord
Landskapsarkitekt, Prosjektering, Planlegging, Utemiljø, Rådgiver","<div class=""import-decoration"" style=""hyphens: none;"" data-controller=""scrollStartTracking"" data-ec-track=""scroll-mid-classified"" data-adobe-track=""navigation.scroll-mid-classified.scroll"">
        <section class=""panel"">
                <strong>Stavanger kommune</strong>- vi bygger fellesskap!<br><br>Idrett og utemiljø er en del av direktørområdet Bymiljø og utbygging (BMU).Idrett og utemiljø ivaretar blant annet investering i og drift av kommunens fellesarealer og bygninger.<br><br><strong>Idrett og utemiljø ved seksjon strategi og prosjekt</strong>søker etter <strong>en prosjekterende landskapsarkitekt, </strong>med arbeidssted i Olav Kyrres gate 19.<br><br><strong>Strategi og prosjekt</strong>er en av seks seksjoner i idrett og utemiljø. Seksjonen har ansvar for prosjektutvikling, disposisjonsplaner, strategier, detaljprosjektering og bygging av offentlige skolegårder og barnehager, parker, friområder, lekeplasser, nærmiljøanlegg, turveier, torg, plasser og byrom, gatetun og miljøgater.<br><br>Samfunnsoppdraget vårt er forankret i FNs bærekraftsmål, kommuneplanen, grønn plan og klima- og miljøplanen. Vi brenner for gode uterom og dets brukere (mennesker, dyr, fugler og insekter). Vi jobber for en helhetlig utvikling av kommunen bl.a. med naturbaserte løsninger som premiss for utformingen. Vi er 17 ansatte i seksjonen og har et av Stavangerregionens største landskapsarkitektmiljøer.<br><br><br><h3>Ansvarsområder og arbeidsoppgaver</h3><ul><li>Prosjektutvikling gjennom alle faser. Arbeidet består bla. av utarbeidelse av stedsanalyser, konseptutvikling, mulighetsstudier, disposisjonsplaner og for- og detaljprosjektering</li><li>Fasilitere medvirkningsprosess, brukerdialog og informasjonsmøter</li><li>Kontakt med interne og eksterne samarbeidspartnere</li><li>Prosjektbaserte arbeidsoppgaver med stor variasjon<br><br></li></ul><h3>Kvalifikasjoner</h3><ul><li>Landskapsarkitekt, landskapsingeniør eller urban designer</li><li>Mastergrad eller tilsvarende utdannelse og erfaring</li><li>Relevant erfaring fra skisse- og detaljprosjektering eller prosjektarbeid innenfor bynatur, utforming av byrom, naturbasert overvannshåndtering og sosiale møteplasser</li><li>Gode dataferdigheter. Erfaring med programmer som Autocad og Adobepakken (Indesign m.m.). Det er en fordel med kjennskap til 3D-prosjektering og bruk av Vectorworks landmark</li><li>Erfaring med utarbeidelse av anbudsbeskrivelser etter NS3420 er ønskelig</li><li>Tydelig i kommunikasjon, har god og tydelig norsk skriftlig og muntlig fremstillingsevne<br><br>Arbeidsspråket i Stavanger kommune er norsk. Dersom du har et annet morsmål enn norsk, må du dokumentere at du har språkferdigheter tilsvarende B2. Gjelder ikke søkere med et skandinavisk språk som morsmål.</li></ul><h3>Personlige egenskaper</h3><ul><li>Du er kreativ, formsterk, innovativ, kunnskapsrik og nysgjerrig for å lære nytt</li><li>Du er fleksibel, liker å jobbe i team og kan samarbeide på tvers av fagområder</li><li>Du er metodisk, strukturert og har god gjennomføringsevne</li><li>Du trives i et travelt og aktivt arbeidsmiljø</li><li>Du bidrar til et godt sosialt og faglig miljø        </li></ul><h3>Vi tilbyr</h3><ul><li>Inspirerende arbeidsoppgaver i et stort og kompetent fagmiljø</li><li>Deltakelse i et spennende og tverrfaglig miljø</li><li>Godt humør og en lett stemning</li><li>Motiverende samfunnsoppdrag</li><li>Fleksibel arbeidstid</li><li>Lønn etter avtale ut fra kvalifikasjoner og erfaring. Stillingskode 853501 Landskapsarkitekt.</li><li>Hjem-Jobb-Hjem avtale</li><li>Gode forsikrings- og pensjonsordninger</li><li>Velferdsgoder som bedriftskunstforeninger, bedriftsidrettslag og Stavangerkortet (for trening i svømmehallene)</li><li>Stillingen ønskers tiltrådt så snart som mulig</li></ul></section>
        </div>"
https://www.finn.no/job/parttime/ad.html?finnkode=335862173,2024-01-12 13:59:07,finn,Selger Diplom-Isbilen,"Arbeidsgiver
Diplom-Isbilen Region Midt
Stillingstittel
Selger Diplom-Isbilen Midt
Frist
21.02.2024
Ansettelsesform
Engasjement","Vi søker selgere for Diplom-Isbilen i Trondheim, Namsos, Ålesund, og Molde.
Dette er en samlet annonse for Region Midt. Følg linken ""Søk her"" for å velge din by.
Vi ansetter fortløpende, og stillingene kan bli besatt før fristen har utløpt - ikke vent med å søke!
Diplom-Isbilen er et satsningområde i Diplom-Is og du kan være med på å gjøre en forskjell i sesongen som kommer.
Du vil få fast timelønn + provisjon og muligheten til å jobbe både heltid og deltid. Stillingen er derfor perfekt for deg som ønsker å jobbe ved siden av studier eller annen jobb. Dette tilpasses etter ønske og behov.

Å være selger for Diplom-Isbilen gir deg et fantastisk innblikk i en merkevarebedrift med lange tradisjoner og mye historie, og ikke minst, mulighet til å spre glede med å selge is til store og små. 

- Men jobben er mer enn bare salg!

Du vil få ansvar for varebestilling, kassaoppgjør, holde bilen ren, og skape god relasjon med både faste og nye kunder. Nesten litt som å være ansvarlig for din egen, lille butikk. Både lærerikt, men også veldig relevant for CV'en.

Hvem er du?
Du er naturlig serviceinnstilt, en positiv gledesspreder og leverer det kundene forventer – og litt til!
Du trives med å jobbe mot egne og felles mål
Du er ryddig og etterrettelig
Du trives med å jobbe selvstendig
Du er opptatt av sikkerhet i bilen og på veien og din kjøring gjenspeiler dette

Kvalifikasjoner
Førekort klasse B
Erfaring innenfor salg eller kundekontakt er en fordel, men ingen forutsetning
God formidlingsevne på skandinavisk språk eller engelsk

Hva kan vi tilby?
En mulighet til å tjene en god inntekt. Vi har fastlønnsordning med provisjon
Jobbe med en sterk merkevare i vår viktigste sesong
En selvstendig arbeidsdag
Et hyggelig og inkluderende arbeidsmiljø
Spennende muligheter videre i en merkevarebedrift for riktig person
En god og utfyllende attest med salgserfaring på CV

Sesongen varer fra mars til september, men ønsker du bare å jobbe deler av sesongen så er det rom for dette også!

Som selger i Diplom-Isbilen får du praktisk og god erfaring innenfor salg rettet direkte mot kjøper. Du kan skape ditt eget lille kundenettverk og muligheten til å skape minner som huskes.


Høres dette interessant ut?
Send inn en kortfattet søknad i dag så tar vi kontakt for en prat. Søknader behandles fortløpende, så ikke nøl med å registrere din interesse.","Nettverk
Facebook, LinkedIn
Sektor
Privat
Antall stillinger
5
Sted
Diplom-Is avd Trondheim, Heggstadmoen, Heimdal, Norge, 7080 Heimdal
Bransje
Bil, kjøretøy og verksted,
Butikk og varehandel,
Restaurant, mat og uteliv
Stillingsfunksjon
Salg / Produktsalg,
Salg","Nøkkelord
produktsalg, sommerjobb, selger, Feltsalg","<div class=""import-decoration"" style=""hyphens: none;"" data-controller=""scrollStartTracking"" data-ec-track=""scroll-mid-classified"" data-adobe-track=""navigation.scroll-mid-classified.scroll"">
        <section class=""panel"">
                <p><strong>Vi søker selgere for Diplom-Isbilen i Trondheim, Namsos, Ålesund, og Molde. </strong></p><p>Dette er en samlet annonse for Region Midt. Følg linken ""Søk her"" for å velge din by.  </p><p></p><p>Vi ansetter fortløpende, og stillingene kan bli besatt før fristen har utløpt - ikke vent med å søke!</p><p></p><p>Diplom-Isbilen er et satsningområde i Diplom-Is og du kan være med på å gjøre en forskjell i sesongen som kommer.</p><p> </p><p>Du vil få fast timelønn + provisjon og muligheten til å jobbe både heltid og deltid. Stillingen er derfor perfekt for deg som ønsker å jobbe ved siden av studier eller annen jobb. Dette tilpasses etter ønske og behov.</p><p><br></p><p>Å være selger for Diplom-Isbilen gir deg et fantastisk innblikk i en merkevarebedrift med lange tradisjoner og mye historie, og ikke minst, mulighet til å spre glede med å selge is til store og små.&nbsp;</p><p><br></p><p><em>- Men jobben er mer enn bare salg!</em></p><p><br></p><p>Du vil få ansvar for varebestilling, kassaoppgjør, holde bilen ren, og skape god relasjon med både faste og nye kunder. Nesten litt som å være ansvarlig for din egen, lille butikk. Både lærerikt, men også veldig relevant for CV'en.</p><p><br></p><p></p><p><strong>Hvem er du?</strong></p><ul><li><p>Du er naturlig serviceinnstilt, en positiv gledesspreder og leverer det kundene forventer – og litt til!</p></li><li><p>Du trives med å jobbe mot egne og felles mål</p></li><li><p>Du er ryddig og etterrettelig</p></li><li><p>Du trives med å jobbe selvstendig</p></li><li><p>Du er opptatt av sikkerhet i bilen og på veien og din kjøring gjenspeiler dette</p></li></ul><p></p><p><br></p><p><strong>Kvalifikasjoner</strong></p><ul><li><p>Førekort klasse B</p></li><li><p>Erfaring innenfor salg eller kundekontakt er en fordel, men ingen forutsetning</p></li><li><p>God formidlingsevne på skandinavisk språk eller engelsk</p></li></ul><p></p><p><br></p><p><strong>Hva kan vi tilby?</strong></p><ul><li><p>En mulighet til å tjene en god inntekt. Vi har fastlønnsordning med provisjon</p></li><li><p>Jobbe med en sterk merkevare i vår viktigste sesong</p></li><li><p>En selvstendig arbeidsdag</p></li><li><p>Et hyggelig og inkluderende arbeidsmiljø</p></li><li><p>Spennende muligheter videre i en merkevarebedrift for riktig person</p></li><li><p>En god og utfyllende attest med salgserfaring på CV</p></li></ul><p><br></p><p></p><p><strong>Sesongen </strong>varer fra mars til september, men ønsker du bare å jobbe deler av sesongen så er det rom for dette også!</p><p><br></p><p>Som selger i Diplom-Isbilen får du praktisk og god erfaring innenfor salg rettet direkte mot kjøper. Du kan skape ditt eget lille kundenettverk og muligheten til å skape minner som huskes.</p><p><br></p><p><br></p><p><strong>Høres dette interessant ut?</strong></p><p>Send inn en kortfattet søknad i dag så tar vi kontakt for en prat. Søknader behandles fortløpende, så ikke nøl med å registrere din interesse.</p></section>
        </div>"
https://www.finn.no/job/fulltime/ad.html?finnkode=335862028,2024-01-12 13:59:09,finn,"Sommervikarer for farmasøyter, apotekteknikere og -medarbeidere","Arbeidsgiver
Sykehusapotekene i Midt-Norge HF
Stillingstittel
Sommervikarer for farmasøyt, apotektekniker/-medarbeider
Frist
04.02.2024
Ansettelsesform
Vikariat","Sykehusapoteket i Trondheim - mer enn et vanlig apotek. Vier en del av det kliniske miljøet ved St. Olavs Hospital HF og har ca 120 ansatte. Vi har sterkt fokus på utvikling av helsetjenester.Virksomheten er organisert i publikumsavdeling, produksjonsavdeling, sykehusavdeling og avdeling for klinisk farmasi.
Vi søker sommervikarer for farmasøyter, apotekteknikere og -medarbeidere i vår publikums-, produksjons- og sykehusavdeling. Det vil være muligheter for videre deltidsansettelse og tilkallingsvikar ved siden av studiene.

Aktuelle arbeidsoppgaver
Arbeidsoppgaver i alle sykehusapotekets avdelinger
Kundebehandling i reseptur og selvvalg
Legemiddelforsyning til sykehuset
Produksjon av legemidler i sikkerhetsbenk og isolator
Endoseproduksjon
Du bør inneha minimum 1 av følgende 4 kvalifikasjoner
Være farmasistudent med eller uten ekspedisjonsrett
Inneha autorisasjon som apotektekniker
Ha erfaring fra apotekarbeid eller annen helsefaglig arbeidserfaring
Ha erfaring fra legemiddelproduksjon/laboratoriearbeid
Øvrige kvalifikasjoner:
Gode norskkunnskaper, både skriftlig og muntlig
Gode IKT-kunnskaper og evne til å sette seg inn i ny teknologi
Personlig egnethet vektlegges
Personlige egenskaper
Ansvarsbevisst og pålitelig
Strukturert, punktlig og nøyaktig
Gode kommunikasjonsferdigheter
Gode samarbeidsevner
Fleksibel
Vi tilbyr
Et inkluderende, sosialt, nytenkende og faglig sterkt arbeidsmiljø
Varierte og utfordrende arbeidsoppgaver
Relevant arbeidserfaring
Opplæring og faglig utvikling satt i system
Fordelaktige forsikringsordninger
Medlemskap i digitalt treningssenter
Kort vei til kollektivtransport
Muligheter for videre deltidsansettelse og tilkallingsvikar
Vi ønsker et godt vurderingsgrunnlag og ber deg registrere utfyllende CV i vår rekrutteringsportal og laste opp relevante attester og vitnemål.","Sektor
Offentlig
Antall stillinger
6
Sted
Edvard Griegs gate 10, 7030 Trondheim
Bransje
Farmasi og legemiddel
Stillingsfunksjon
Helsepersonell / Apotektekniker,
Helsepersonell / Farmasøyt
Arbeidsspråk
Norsk","Nøkkelord
Farmasøyt, Apotektekniker, Apotekmedarbeider, Sykehusapoteket i Trondheim","<div class=""import-decoration"" style=""hyphens: none;"" data-controller=""scrollStartTracking"" data-ec-track=""scroll-mid-classified"" data-adobe-track=""navigation.scroll-mid-classified.scroll"">
        <section class=""panel"">
                <p><strong>Sykehusapoteket i Trondheim - mer enn et vanlig apotek. </strong>Vier en del av det kliniske miljøet ved St. Olavs Hospital HF og har ca 120 ansatte. Vi har sterkt fokus på utvikling av helsetjenester.Virksomheten er organisert i publikumsavdeling, produksjonsavdeling, sykehusavdeling og avdeling for klinisk farmasi.</p><p>Vi søker sommervikarer for farmasøyter, apotekteknikere og -medarbeidere i vår publikums-, produksjons- og sykehusavdeling. Det vil være muligheter for videre deltidsansettelse og tilkallingsvikar ved siden av studiene.</p><br><h3>Aktuelle arbeidsoppgaver</h3><ul><li>Arbeidsoppgaver i alle sykehusapotekets avdelinger</li><li>Kundebehandling i reseptur og selvvalg</li><li>Legemiddelforsyning til sykehuset </li><li>Produksjon av legemidler i sikkerhetsbenk og isolator</li><li>Endoseproduksjon</li></ul><h3>Du bør inneha minimum 1 av følgende 4 kvalifikasjoner</h3><ul><li>Være farmasistudent med eller uten ekspedisjonsrett</li><li>Inneha autorisasjon som apotektekniker</li><li>Ha erfaring fra apotekarbeid eller annen helsefaglig arbeidserfaring</li><li>Ha erfaring fra legemiddelproduksjon/laboratoriearbeid</li></ul><p><strong>Øvrige kvalifikasjoner:</strong></p><ul><li>Gode norskkunnskaper, både skriftlig og muntlig</li><li>Gode IKT-kunnskaper og evne til å sette seg inn i ny teknologi</li></ul><p>Personlig egnethet vektlegges</p><h3>Personlige egenskaper</h3><ul><li>Ansvarsbevisst og pålitelig</li><li>Strukturert, punktlig og nøyaktig</li><li>Gode kommunikasjonsferdigheter<br></li><li>Gode samarbeidsevner<br></li><li>Fleksibel<br></li></ul><h3>Vi tilbyr</h3><ul><li>Et inkluderende, sosialt, nytenkende og faglig sterkt arbeidsmiljø</li><li>Varierte og utfordrende arbeidsoppgaver</li><li>Relevant arbeidserfaring</li><li>Opplæring og faglig utvikling satt i system</li><li>Fordelaktige forsikringsordninger</li><li>Medlemskap i digitalt treningssenter</li><li>Kort vei til kollektivtransport</li><li>Muligheter for videre deltidsansettelse og tilkallingsvikar<br></li></ul><p><strong>Vi ønsker et godt vurderingsgrunnlag og ber deg registrere utfyllende CV i vår rekrutteringsportal og laste opp relevante attester og vitnemål.</strong></p></section>
        </div>"
